{
  "project_info": {
    "project_number": "265453927938",
    "firebase_url": "https://pit2-d42c6-default-rtdb.firebaseio.com",
    "project_id": "pit2-d42c6",
    "storage_bucket": "pit2-d42c6.appspot.com"
  },
  "client": [
    {
      "client_info": {
        "mobilesdk_app_id": "1:265453927938:android:1799514fe2d5f7a14ef11b",
        "android_client_info": {
          "package_name": "com.example.project183"
        }
      },
      "oauth_client": [],
      "api_key": [
        {
          "current_key": "AIzaSyA9r-y-aBRqLfau6vcxJDqlneLlWgxVvR8"
        }
      ],
      "services": {
        "appinvite_service": {
          "other_platform_oauth_client": []
        }
      }
    }
  ],
  "configuration_version": "1"
}